title,started_at
ラブライブ！サンシャイン!! Aqoursスペシャル課外活動 みんな準備はできてるかい？ ～せーので SUNSHINE!!～,2016-01-11 16:00
ラブライブ！サンシャイン!! Aqours夏休み課外活動 ～みんなでいっしょに夏まつり～ in 沼津,2016-07-31 14:00
「シブヤノオト」&「NAOMIの部屋」公開収録,2016-09-26 19:00
ラブライブ！サンシャイン!! Aqours冬休み課外活動 ～みんなでシャンシャン♪ Aqoursミニライブ2016♪～ 第1回目公演,2016-12-27 15:30
ラブライブ！サンシャイン!! Aqours冬休み課外活動 ～みんなでシャンシャン♪ Aqoursミニライブ2016♪～ 第2回目公演,2016-12-27 19:00
ラブライブ！サンシャイン!! Aqours First LoveLive! ～Step! ZERO to ONE!!～ Day.1,2017-02-25 17:30
ラブライブ！サンシャイン!! Aqours First LoveLive! ～Step! ZERO to ONE!!～ Day.2,2017-02-26 16:00
ミルキィホームズ&ブシロード10周年&スクフェス4周年記念ライブ in横浜アリーナ,2017-04-30 17:30
アニュータライブ2017 あにゅパ!!,2017-05-13 18:00
Anisong World Matsuri ~Japan Kawaii Live~,2017-06-30 19:00
BILIBILI MACRO LINK - STAR PHASE × ANISONG WORLD MATSURI 2017,2017-07-22 17:00
ラブライブ！サンシャイン!! Aqours 2nd LoveLive! HAPPY PARTY TRAIN TOUR 名古屋公演 Day.1,2017-08-05 18:00
ラブライブ！サンシャイン!! Aqours 2nd LoveLive! HAPPY PARTY TRAIN TOUR 名古屋公演 Day.2,2017-08-06 16:00
ラブライブ！サンシャイン!! Aqours 2nd LoveLive! HAPPY PARTY TRAIN TOUR 神戸公演 Day.1,2017-08-19 18:00
ラブライブ！サンシャイン!! Aqours 2nd LoveLive! HAPPY PARTY TRAIN TOUR 神戸公演 Day.2,2017-08-20 16:00
Animelo Summer Live 2017 -THE CARD-,2017-08-25 16:00
ラブライブ！サンシャイン!! Aqours 2nd LoveLive! HAPPY PARTY TRAIN TOUR 埼玉公演 Day.1,2017-09-29 17:00
ラブライブ！サンシャイン!! Aqours 2nd LoveLive! HAPPY PARTY TRAIN TOUR 埼玉公演 Day.2,2017-09-30 17:00
めざましテレビ PRESENTS T-SPOOK 〜TOKYO HALLOWEEN PARTY〜,2017-10-21 18:00
ラブライブ！サンシャイン!!Aqours クラブ活動 LIVE & FAN MEETING 〜 Landing action Yeah!! 〜 大阪公演 11/4,2017-11-04 18:00
ラブライブ！サンシャイン!!Aqours クラブ活動 LIVE & FAN MEETING 〜 Landing action Yeah!! 〜 大阪公演 11/5＜1回目＞,2017-11-05 13:00
ラブライブ！サンシャイン!!Aqours クラブ活動 LIVE & FAN MEETING 〜 Landing action Yeah!! 〜 大阪公演 11/5＜2回目＞,2017-11-05 18:00
Love Live! Sunshine!! Aqours Club Activity LIVE & FAN MEETING Trip to Asia -Landing action Yeah!!- ソウル公演＜1回目＞,2017-11-18, 14:00
Love Live! Sunshine!! Aqours Club Activity LIVE & FAN MEETING Trip to Asia -Landing action Yeah!!- ソウル公演＜2回目＞,2017-11-18, 19:00
「NHK WORLD presents SONGS OF TOKYO」公開収録 11/25,2017-11-25 18:30
ラブライブ！サンシャイン!!Aqours クラブ活動 LIVE & FAN MEETING 〜 Landing action Yeah!! 〜 札幌公演 12/9,2017-12-09 18:00
ラブライブ！サンシャイン!!Aqours クラブ活動 LIVE & FAN MEETING 〜 Landing action Yeah!! 〜 札幌公演 12/10＜1回目＞,2017-12-10 13:00
ラブライブ！サンシャイン!!Aqours クラブ活動 LIVE & FAN MEETING 〜 Landing action Yeah!! 〜 札幌公演 12/10＜2回目＞,2017-12-10 18:00
「2017 FNS歌謡祭 第2夜」番組観覧,2017-12-13 19:00
ラブライブ！サンシャイン!!Aqours クラブ活動 LIVE & FAN MEETING 〜 Landing action Yeah!! 〜 沼津公演＜1回目＞,2017-12-16 13:00
ラブライブ！サンシャイン!!Aqours クラブ活動 LIVE & FAN MEETING 〜 Landing action Yeah!! 〜 沼津公演＜2回目＞,2017-12-16 18:00
「坂崎幸之助のももいろフォーク村NEXT 第79夜 フNｓ桃黒歌合戦」番組観覧,2017-12-27 19:00
ラブライブ！サンシャイン!!Aqours クラブ活動 LIVE & FAN MEETING 〜 Landing action Yeah!! 〜 福岡公演＜1回目＞,2018-01-06 14:00
ラブライブ！サンシャイン!!Aqours クラブ活動 LIVE & FAN MEETING 〜 Landing action Yeah!! 〜 福岡公演＜2回目＞,2018-01-06 18:00
DENGEKI 25th Anniversary DENGEKI MUSIC LIVE!! 2018,2018-01-08 18:00
Love Live! Sunshine!! Aqours Club Activity LIVE & FAN MEETING Trip to Asia -Landing action Yeah!!- 上海公演＜1回目＞,2018-01-20, 14:00
Love Live! Sunshine!! Aqours Club Activity LIVE & FAN MEETING Trip to Asia -Landing action Yeah!!- 上海公演＜2回目＞,2018-01-20, 19:30
ラブライブ！サンシャイン!!Aqours クラブ活動 LIVE & FAN MEETING 〜 Landing action Yeah!! 〜 名古屋公演＜1回目＞,2018-02-03 14:00
ラブライブ！サンシャイン!!Aqours クラブ活動 LIVE & FAN MEETING 〜 Landing action Yeah!! 〜 名古屋公演＜2回目＞,2018-02-03 19:00
Love Live! Sunshine!! Aqours Club Activity LIVE & FAN MEETING Trip to Asia -Landing action Yeah!!- 台北公演＜1回目＞,2018-02-10, 14:00
Love Live! Sunshine!! Aqours Club Activity LIVE & FAN MEETING Trip to Asia -Landing action Yeah!!- 台北公演＜2回目＞,2018-02-10, 19:00
ラブライブ！サンシャイン!!Aqours クラブ活動 LIVE & FAN MEETING 〜 Landing action Yeah!! 〜 千葉公演 3/10,2018-03-10 18:00
ラブライブ！サンシャイン!!Aqours クラブ活動 LIVE & FAN MEETING 〜 Landing action Yeah!! 〜 千葉公演 3/11＜1回目＞,2018-03-11 13:00
ラブライブ！サンシャイン!!Aqours クラブ活動 LIVE & FAN MEETING 〜 Landing action Yeah!! 〜 千葉公演 3/11＜2回目＞,2018-03-11 18:00
Saint Snow PRESENTS LOVELIVE! SUNSHINE!! HAKODATE UNIT CARNIVAL Day.1,2018-04-27 18:00
Saint Snow PRESENTS LOVELIVE! SUNSHINE!! HAKODATE UNIT CARNIVAL Day.2,2018-04-27 13:00
